time,open,high,low,close
2011-08-17,10.9,10.9,10.9,10.9
2011-08-18,11.85,11.85,11.15,11.69
2011-08-19,11.7,11.7,11.7,11.7
2011-08-20,11.7,11.7,11.7,11.7
2011-08-21,11.7,11.7,11.7,11.7
2011-08-23,11.5,11.5,10.5,10.5
2011-08-24,10,10,10,10
2011-08-29,8,8,8,8
2011-08-31,8,8.31,5.25,8.22
2011-09-01,8.12,8.88,8,8.88
2011-09-03,8.89,8.89,8.89,8.89
2011-09-05,8,8,8,8
2011-09-06,8.5,8.5,8.5,8.5
2011-09-07,7.98,7.98,7.4,7.4
2011-09-12,5.8,6,5.65,5.97
2011-09-13,5.58,5.72,5.52,5.53
2011-09-14,5.12,5.24,5,5.13
2011-09-15,4.82,4.87,4.8,4.85
2011-09-16,4.87,4.87,4.87,4.87
2011-09-17,4.87,4.92,4.81,4.92
2011-09-18,4.9,4.9,4.9,4.9
2011-09-19,4.92,5.66,4.92,5.66
2011-09-20,5.7,5.79,5.66,5.66
2011-09-21,5.68,5.72,5.68,5.72
2011-09-22,5.7,5.72,5.7,5.72
2011-09-23,5.7,5.76,5.68,5.68
2011-09-24,6.05,6.05,6.05,6.05
2011-09-25,6.06,6.06,4.8,4.8
2011-09-26,4.85,4.92,4.85,4.92
2011-09-27,4.9,4.91,4.82,4.82
2011-09-28,4.81,4.82,4.81,4.82
2011-10-02,4.85,4.87,4.83,4.87
2011-10-03,4.86,5.3,4.8,4.98
2011-10-04,4.92,6.25,4.8,4.92
2011-10-05,4.88,4.99,4.8,4.8
2011-10-06,4.8,4.81,4.59,4.61
2011-10-07,4.57,4.57,3.99,3.99
2011-10-08,3.89,3.89,3.89,3.89
2011-10-09,3.99,4.51,3.99,4.51
2011-10-10,3.98,4.1,3.98,4.1
2011-10-11,3.95,3.99,3.93,3.93
2011-10-12,3.93,3.97,3.93,3.97
2011-10-13,4.05,4.05,4.05,4.05
2011-10-16,3.92,3.92,3.92,3.92
2011-10-19,2.22,2.29,2.22,2.24
2011-10-20,2.22,2.27,2.22,2.27
2011-10-23,2.99,2.99,2.92,2.92
2011-10-24,2.66,2.72,2.66,2.72
2011-10-25,2.72,3,2.67,2.69
2011-10-27,3.07,4.36,3.07,4.2
2011-10-28,3.69,4.4,3.69,3.95
2011-10-29,3.85,3.85,3.2,3.5
2011-10-30,3.25,3.55,3.2,3.3
2011-10-31,3.32,3.33,3.32,3.33
2011-11-03,3.27,3.55,3.21,3.55
2011-11-04,3.21,3.21,3,3
2011-11-05,2.95,2.95,2.95,2.95
2011-11-07,3.08,3.08,3.08,3.08
2011-11-08,3.09,3.3,3.09,3.3
2011-11-09,3.25,3.3,2.95,3.3
2011-11-10,3.3,3.3,3.3,3.3
2011-11-11,3.35,3.35,3.35,3.35
2011-11-12,3.35,3.35,3.35,3.35
2011-11-13,2.95,2.95,2.47,2.47
2011-11-14,2.99,3,2.5,2.5
2011-11-15,2.51,3,2.51,3
2011-11-16,3,3,2.5,2.99
2011-11-17,2.5,2.79,2.5,2.5
2011-11-18,2.5,2.5,2.43,2.43
2011-11-19,2.37,2.37,2.37,2.37
2011-11-20,2.45,3,2.25,2.25
2011-11-21,2.53,2.59,2.46,2.59
2011-11-23,2.54,3,2.54,3
2011-11-24,2.5,15,2.5,2.75
2011-11-25,2.77,2.77,2.77,2.77
2011-11-27,2.67,2.78,2.66,2.66
2011-11-28,2.69,3.23,2.69,2.72
2011-11-29,3.19,3.19,3.19,3.19
2011-11-30,3.46,3.48,3.3,3.42
2011-12-01,3.45,3.45,3.04,3.04
2011-12-02,2.93,2.93,2.93,2.93
2011-12-04,2.82,2.99,2.82,2.93
2011-12-05,2.9,3.25,2.89,2.98
2011-12-06,3.05,3.35,3.05,3.3
2011-12-07,3.27,3.5,2.95,3.3
2011-12-09,3.2,3.2,3,3.2
2011-12-10,3.17,3.37,3.17,3.27
2011-12-11,3.37,3.6,3.37,3.48
2011-12-12,3.25,3.59,3.25,3.56
2011-12-13,3.42,3.49,3.42,3.47
2011-12-14,3.39,3.45,3.39,3.45
2011-12-15,3.25,3.5,3.25,3.44
2011-12-17,3.25,3.5,3.25,3.5
2011-12-18,3.5,3.98,3.5,3.85
2011-12-19,4.75,4.75,4.53,4.55
2011-12-20,4.38,4.38,4.38,4.38
2011-12-21,4.19,4.19,4.17,4.17
2011-12-22,3.86,4.35,3.84,4.22
2011-12-23,4.33,4.33,4.33,4.33
2011-12-24,4.32,4.32,4.27,4.27
2011-12-25,4.27,4.33,4.27,4.33
2011-12-26,4.33,4.33,4.29,4.29
2011-12-27,4.29,4.3,4.25,4.3
2011-12-28,4.3,4.5,4.3,4.5
2011-12-29,4.26,4.5,4.21,4.21
2011-12-30,4.39,4.58,4.39,4.58
2011-12-31,4.58,5,4.58,5
2012-01-01,5,5,5,5
2012-01-02,5.32,5.32,5.14,5.29
2012-01-03,4.93,5.57,4.93,5.57
2012-01-04,5.72,6.65,5.72,6.65
2012-01-05,6.65,6.9,6,6
2012-01-06,6.8,6.8,6.8,6.8
2012-01-07,6.9,7,6.9,7
2012-01-08,6.99,6.99,6.23,6.3
2012-01-09,6.24,7.14,6.24,7.14
2012-01-10,7.14,7.33,6.25,7
2012-01-11,6.95,7.38,6.51,6.51
2012-01-12,6.8,7.36,6.6,6.6
2012-01-13,6.5,6.5,6.3,6.3
2012-01-14,7.15,7.15,7.15,7.15
2012-01-15,6.2,7.1,6.2,7.1
2012-01-16,6.5,6.9,6,6
2012-01-17,5.99,7.1,5.99,7.1
2012-01-18,5.52,7,5.52,6.22
2012-01-19,6.9,6.95,6.55,6.95
2012-01-20,6.3,6.77,6.28,6.77
2012-01-21,6.79,6.83,6.03,6.79
2012-01-22,6.5,6.52,6,6.52
2012-01-23,6.52,6.57,6,6.55
2012-01-24,6.26,6.86,6,6.31
2012-01-25,6.27,6.3,5.5,5.5
2012-01-26,3.8,6.03,3.8,5.88
2012-01-27,4.91,4.91,4.91,4.91
2012-01-28,5.89,5.9,5.3,5.5
2012-01-29,5.3,5.58,5.3,5.58
2012-01-30,5.7,6.22,3.8,5.3
2012-01-31,5.53,5.99,5.52,5.88
2012-02-01,5.99,6.28,5.89,6.28
2012-02-02,6.29,6.35,5.93,6.3
2012-02-03,6.35,6.5,5.94,5.94
2012-02-04,5.93,6.15,5.6,5.6
2012-02-05,5.6,5.9,5.2,5.6
2012-02-06,5.5,5.88,5.5,5.69
2012-02-07,5.79,5.87,5.66,5.87
2012-02-08,5.52,5.89,5.51,5.89
2012-02-09,5.88,5.88,5.8,5.88
2012-02-10,5.71,5.71,5.5,5.5
2012-02-11,5.78,5.78,5.55,5.67
2012-02-12,5.53,5.79,5.5,5.79
2012-02-13,5.2,5.8,4.56,4.89
2012-02-14,4.9,5.08,4.69,4.69
2012-02-15,4.5,4.98,4.15,4.51
2012-02-16,4.67,4.8,4.5,4.67
2012-02-17,4.67,4.73,4.14,4.23
2012-02-18,4.38,4.38,4.3,4.38
2012-02-19,4.72,4.72,4.4,4.44
2012-02-20,4.52,4.58,4.3,4.58
2012-02-21,4.47,4.59,4.46,4.51
2012-02-22,4.59,5.22,4.55,5.22
2012-02-23,5.12,5.22,4.95,4.95
2012-02-24,5.11,5.11,5,5
2012-02-25,4.79,5.07,4.78,4.98
2012-02-26,4.97,5.1,4.95,5.04
2012-02-27,5.09,5.1,4.71,4.88
2012-02-28,4.97,5,4.85,4.99
2012-02-29,4.99,5.05,4.9,5
2012-03-01,4.99,4.99,4.64,4.79
2012-03-02,4.81,4.99,4.6,4.65
2012-03-03,4.78,4.81,4.77,4.81
2012-03-04,4.8,5.06,4.77,5.06
2012-03-05,5,5.05,4.95,4.98
2012-03-06,5.05,5.09,4.93,4.93
2012-03-07,4.94,5.08,4.87,5.01
2012-03-08,5.01,5.07,4.93,4.93
2012-03-09,4.91,4.99,4.85,4.94
2012-03-10,4.94,5,4.84,5
2012-03-11,4.85,4.99,4.85,4.99
2012-03-12,4.99,5.32,4.96,5.3
2012-03-13,5.32,5.44,5.27,5.27
2012-03-14,5.27,5.43,5.27,5.39
2012-03-15,5.3,5.41,5.26,5.26
2012-03-16,5.38,5.42,5.38,5.42
2012-03-17,5.41,5.42,5.24,5.25
2012-03-18,5.24,5.37,4.83,4.83
2012-03-19,4.82,4.97,4.79,4.79
2012-03-20,4.9,4.96,4.9,4.96
2012-03-21,4.86,4.98,4.72,4.91
2012-03-22,4.73,4.89,4.6,4.78
2012-03-23,4.72,4.83,4.62,4.83
2012-03-24,4.61,4.84,4.54,4.54
2012-03-25,4.6,4.75,4.54,4.73
2012-03-26,4.54,4.97,4.54,4.84
2012-03-27,4.75,4.95,4.72,4.93
2012-03-28,4.93,4.93,4.77,4.84
2012-03-29,4.81,4.91,4.76,4.88
2012-03-30,4.9,4.92,4.89,4.9
2012-03-31,4.89,4.89,4.77,4.89
2012-04-01,4.8,5.04,4.78,5.04
2012-04-02,5.04,5.04,4.86,4.99
2012-04-03,4.92,5.01,4.86,5.01
2012-04-04,4.99,5.04,4.89,5
2012-04-05,4.9,4.99,4.81,4.99
2012-04-06,4.94,4.94,4.7,4.7
2012-04-07,4.8,4.8,4.69,4.76
2012-04-08,4.7,4.85,4.7,4.75
2012-04-09,4.75,4.87,4.75,4.8
2012-04-10,4.86,4.92,4.78,4.92
2012-04-11,4.87,4.93,4.73,4.93
2012-04-12,4.88,4.95,4.81,4.93
2012-04-13,4.94,5.01,4.94,4.96
2012-04-14,4.96,4.99,4.92,4.99
2012-04-15,4.93,4.98,4.93,4.98
2012-04-16,4.99,4.99,4.95,4.98
2012-04-17,4.98,5.18,4.98,5.16
2012-04-18,5.17,5.18,5.06,5.13
2012-04-19,5.15,5.38,5.09,5.38
2012-04-20,5.4,5.43,5.19,5.24
2012-04-21,5.24,5.25,5.17,5.17
2012-04-22,5.2,5.25,5,5
2012-04-23,4.99,5.15,4.98,5.08
2012-04-24,5.12,5.14,4.86,5.14
2012-04-25,5.1,5.12,4.86,4.98
2012-04-26,5.03,5.08,4.99,5.04
2012-04-27,5.07,5.07,4.85,4.91
2012-04-28,4.92,4.96,4.81,4.91
2012-04-29,4.92,5.02,4.87,5
2012-04-30,4.94,5.04,4.86,4.97
2012-05-01,5.01,5.15,5.01,5.06
2012-05-02,5.06,5.13,5.05,5.1
2012-05-03,5.1,5.15,5.07,5.07
2012-05-04,5.09,5.11,5.04,5.04
2012-05-05,5.06,5.1,5.02,5.08
2012-05-06,5.05,5.08,4.97,5.05
2012-05-07,5.06,5.08,4.99,5.02
2012-05-08,5.02,5.08,5.01,5.02
2012-05-09,5.02,5.04,4.87,4.87
2012-05-10,4.97,4.97,4.87,4.95
2012-05-11,4.95,4.97,4.91,4.91
2012-05-12,4.95,4.95,4.94,4.94
2012-05-13,4.93,4.99,4.88,4.93
2012-05-14,4.95,5.01,4.9,4.95
2012-05-15,5,5.04,4.98,5.04
2012-05-16,5.02,5.03,5.01,5.02
2012-05-17,5.03,5.07,5.03,5.07
2012-05-18,5.08,5.08,5.05,5.07
2012-05-19,5.03,5.08,5.03,5.03
2012-05-20,5.04,5.09,5.01,5.08
2012-05-21,5.05,5.07,5,5.03
2012-05-22,5.02,5.1,5.02,5.1
2012-05-23,5.08,5.12,5.04,5.12
2012-05-24,5.09,5.1,5.08,5.08
2012-05-25,5.08,5.09,5.06,5.07
2012-05-26,5.08,5.08,5,5.07
2012-05-27,5.08,5.08,5.07,5.07
2012-05-28,5.07,5.12,4.95,5.11
2012-05-29,5.07,5.14,5.07,5.14
2012-05-30,5.14,5.17,5.1,5.17
2012-05-31,5.17,5.24,5.16,5.22
2012-06-01,5.2,5.21,5.17,5.19
2012-06-02,5.19,5.2,5.19,5.19
2012-06-03,5.18,5.24,5.14,5.22
2012-06-04,5.22,5.49,5.22,5.37
2012-06-05,5.39,5.49,5.37,5.41
2012-06-06,5.41,5.53,5.4,5.53
2012-06-07,5.48,5.63,5.46,5.61
2012-06-08,5.6,5.62,5.47,5.48
2012-06-09,5.54,5.54,5.42,5.42
2012-06-10,5.48,5.57,5.4,5.52
2012-06-11,5.57,5.9,5.53,5.71
2012-06-12,5.77,6,5.71,5.86
2012-06-13,5.86,5.91,5.79,5.9
2012-06-14,5.88,6.42,5.56,6.42
2012-06-15,6.41,6.52,6.12,6.41
2012-06-16,6.41,6.47,6.13,6.19
2012-06-17,6.13,6.34,5.98,6.06
2012-06-18,6.13,6.49,6.13,6.46
2012-06-19,6.4,6.65,6.26,6.64
2012-06-20,6.66,6.69,6.64,6.64
2012-06-21,6.64,6.67,6.48,6.59
2012-06-22,6.6,6.61,6.33,6.45
2012-06-23,6.35,6.45,6.35,6.4
2012-06-24,6.35,6.35,6.11,6.26
2012-06-25,6.26,6.46,6.17,6.41
2012-06-26,6.41,6.68,6.34,6.49
2012-06-27,6.49,6.54,5.99,6.5
2012-06-28,6.5,6.63,6.49,6.52
2012-06-29,6.58,6.61,6.5,6.61
2012-06-30,6.6,6.62,6.52,6.52
2012-07-01,6.55,6.64,6.52,6.61
2012-07-02,6.61,6.66,6.4,6.44
2012-07-03,6.44,6.55,6.36,6.44
2012-07-04,6.52,6.66,6.52,6.6
2012-07-05,6.59,6.6,6.39,6.59
2012-07-06,6.6,6.79,6.56,6.79
2012-07-07,6.8,6.8,6.45,6.73
2012-07-08,6.77,6.99,6.55,6.94
2012-07-09,6.95,7.13,6.95,7.08
2012-07-10,7.08,7.15,7.04,7.14
2012-07-11,7.15,7.59,7.1,7.59
2012-07-12,7.6,7.69,7.46,7.59
2012-07-13,7.58,7.58,7.44,7.55
2012-07-14,7.55,7.57,7.4,7.57
2012-07-15,7.57,8.3,7.14,8.3
2012-07-16,8.3,8.8,7.7,8.55
2012-07-17,8.5,9.15,8.36,9
2012-07-18,9.06,9.2,8.76,8.76
2012-07-19,8.76,8.76,7.93,8.44
2012-07-20,8.52,8.91,8.2,8.74
2012-07-21,8.74,8.8,8.3,8.42
2012-07-22,8.42,8.88,8.1,8.59
2012-07-23,8.59,8.8,8.25,8.61
2012-07-24,8.59,8.64,8.24,8.64
2012-07-25,8.64,8.83,8.45,8.75
2012-07-26,8.76,8.91,8.76,8.83
2012-07-27,8.83,9,8.78,8.88
2012-07-28,8.79,8.79,8.7,8.71
2012-07-29,8.7,9,8.54,9
2012-07-30,9,9.28,8.92,9.28
2012-07-31,9.28,9.5,8.9,9.45
2012-08-01,9.45,10.52,9.4,10.44
2012-08-02,10.4,12,10.1,10.79
2012-08-03,10.96,11.2,10.5,10.51
2012-08-04,10.93,10.93,10.29,10.71
2012-08-05,10.71,10.99,10.43,10.84
2012-08-06,10.86,10.87,10.72,10.75
2012-08-07,10.75,11.04,10.7,10.99
2012-08-08,11,12.49,10.79,11
2012-08-09,11,11.5,10.9,11.32
2012-08-10,11.32,11.4,11.25,11.38
2012-08-11,11.4,11.69,11.34,11.49
2012-08-12,11.42,11.98,11.4,11.89
2012-08-13,11.9,12.3,11.81,12.25
2012-08-14,12.13,13.2,12.13,13.01
2012-08-15,13.14,13.5,12.75,13.42
2012-08-16,13.49,16.41,11.5,12.5
2012-08-17,12.64,12.99,11.11,11.54
2012-08-18,11.86,11.86,7.1,8.06
2012-08-19,8.09,10.33,7.86,10.05
2012-08-20,9.79,10.51,9.53,10.18
2012-08-21,9.99,10.71,9.75,9.96
2012-08-22,9.96,10.19,9.78,10.02
2012-08-23,10.03,10.51,9.83,10.37
2012-08-24,10.45,10.58,10.14,10.57
2012-08-25,10.57,10.62,10.2,10.31
2012-08-26,10.31,11.93,10.31,10.78
2012-08-27,10.9,11.21,10.63,11
2012-08-28,11,11.05,10.49,10.78
2012-08-29,10.81,10.91,10.51,10.65
2012-08-30,10.65,10.8,9.69,10.16
2012-08-31,10.2,10.2,9.85,9.91
2012-09-01,10.07,10.18,9.49,10.18
2012-09-02,10.17,10.55,9.95,10.55
2012-09-03,10.36,10.5,10.14,10.36
2012-09-04,10.38,10.99,10.12,10.99
2012-09-05,10.9,11.15,10.68,11.02
2012-09-06,11.03,11.1,10.83,11.03
2012-09-07,10.98,11.11,10.3,10.97
2012-09-08,10.97,11.04,10.84,10.98
2012-09-09,10.85,11.08,10.74,10.95
2012-09-10,10.95,11.04,10.38,11.04
2012-09-11,11.04,11.14,10.75,11.14
2012-09-12,11.17,11.42,10.98,11.3
2012-09-13,11.26,11.7,11.05,11.5
2012-09-14,11.6,11.65,11.35,11.63
2012-09-15,11.63,11.8,11.53,11.75
2012-09-16,11.75,11.88,11.58,11.85
2012-09-17,11.85,12.28,11.67,11.91
2012-09-18,11.9,12.5,11.9,12.32
2012-09-19,12.44,12.66,12.28,12.28
2012-09-20,12.29,12.35,12.01,12.19
2012-09-21,12.14,12.25,11.97,11.97
2012-09-22,12.11,12.11,11.79,11.99
2012-09-23,11.99,11.99,11.69,11.9
2012-09-24,11.9,12.18,11.56,11.75
2012-09-25,11.8,12.2,11.53,12.2
2012-09-26,12.2,12.38,11.84,12.22
2012-09-27,12.21,12.28,11.53,12.28
2012-09-28,12.28,12.28,12.12,12.28
2012-09-29,12.2,12.28,12.17,12.22
2012-09-30,12.21,12.27,11.6,12.14
2012-10-01,12.2,12.7,12.14,12.64
2012-10-02,12.63,12.99,12.45,12.9
2012-10-03,12.9,12.9,12.51,12.57
2012-10-04,12.61,12.7,11.5,12.5
2012-10-05,12.51,12.6,12.06,12.39
2012-10-06,12.39,12.45,11.52,11.71
2012-10-07,11.7,11.99,10.42,11.62
2012-10-08,11.62,12.26,11.52,11.99
2012-10-09,11.85,12.25,11.79,12.24
2012-10-10,12.1,12.13,11.58,12.09
2012-10-11,11.95,12.1,11.81,11.9
2012-10-12,11.9,12,11.81,11.85
2012-10-13,11.85,11.9,11.79,11.79
2012-10-14,11.78,11.84,11.03,11.66
2012-10-15,11.8,11.94,11.17,11.92
2012-10-16,11.79,11.97,11.15,11.88
2012-10-17,11.9,11.9,11.55,11.8
2012-10-18,11.75,11.84,11.5,11.67
2012-10-19,11.65,11.7,11.53,11.6
2012-10-20,11.6,11.68,11.29,11.32
2012-10-21,11.54,11.57,11.27,11.49
2012-10-22,11.5,11.7,11.25,11.58
2012-10-23,11.38,11.62,11.01,11.4
2012-10-24,11.39,11.39,10.4,10.55
2012-10-25,10.46,10.84,9.68,10
2012-10-26,10,10.75,9.5,10.43
2012-10-27,10.35,10.75,10.3,10.54
2012-10-28,10.67,10.8,10.32,10.8
2012-10-29,10.8,10.81,10.43,10.8
2012-10-30,10.79,11,10.66,11
2012-10-31,11,11.05,10.63,10.85
2012-11-01,10.85,10.96,10.45,10.67
2012-11-02,10.54,10.69,10.41,10.66
2012-11-03,10.67,10.68,10.4,10.64
2012-11-04,10.63,10.8,10.5,10.78
2012-11-05,10.78,10.8,10.51,10.74
2012-11-06,10.68,10.84,10.45,10.8
2012-11-07,10.65,10.83,10.25,10.81
2012-11-08,10.69,10.84,10.61,10.8
2012-11-09,10.8,10.87,10.63,10.81
2012-11-10,10.82,10.85,10.64,10.82
2012-11-11,10.78,10.92,10.72,10.87
2012-11-12,10.92,10.99,10.76,10.87
2012-11-13,10.87,10.98,10.74,10.97
2012-11-14,10.98,11.05,10.81,11.05
2012-11-15,11.05,11.6,10.96,11.46
2012-11-16,11.48,11.65,11.45,11.57
2012-11-17,11.56,11.65,11.32,11.51
2012-11-18,11.51,11.65,11.03,11.65
2012-11-19,11.6,11.69,11.44,11.65
2012-11-20,11.64,11.67,11.34,11.67
2012-11-21,11.67,12.12,11.55,11.88
2012-11-22,11.86,12.16,11.66,12.16
2012-11-23,12.16,12.29,12.06,12.25
2012-11-24,12.29,12.35,12.2,12.31
2012-11-25,12.32,12.4,12.11,12.2
2012-11-26,12.2,12.23,11.75,12.07
2012-11-27,12.01,12.74,11.93,12.22
2012-11-28,12.22,12.41,12.1,12.37
2012-11-29,12.35,12.45,12.2,12.43
2012-11-30,12.39,12.46,12.31,12.34
2012-12-01,12.44,12.46,12.24,12.42
2012-12-02,12.46,12.6,12.32,12.6
2012-12-03,12.5,13.01,12.42,12.59
2012-12-04,12.86,13.43,12.63,13.2
2012-12-05,13.2,13.59,13.02,13.45
2012-12-06,13.34,13.48,13.11,13.37
2012-12-07,13.3,13.37,13.3,13.36
2012-12-08,13.35,13.36,13.1,13.29
2012-12-09,13.3,13.4,13.03,13.3
2012-12-10,13.13,13.41,13.13,13.35
2012-12-11,13.39,13.49,13.23,13.49
2012-12-12,13.49,13.52,13.05,13.52
2012-12-13,13.51,13.94,13.38,13.51
2012-12-14,13.51,13.57,13.28,13.38
2012-12-15,13.38,13.44,13.27,13.27
2012-12-16,13.28,13.29,12.85,13.2
2012-12-17,13.3,13.62,12.75,13.13
2012-12-18,13.13,13.4,13,13.4
2012-12-19,13.27,13.44,13.14,13.35
2012-12-20,13.38,13.41,13.2,13.2
2012-12-21,13.28,13.37,13.11,13.2
2012-12-22,13.2,13.29,13.04,13.14
2012-12-23,13.11,13.24,13.01,13.23
2012-12-24,13.23,13.25,13.09,13.24
2012-12-25,13.09,13.19,13.01,13.18
2012-12-26,13.18,13.25,12.91,13.2
2012-12-27,13.19,13.29,13.01,13.18
2012-12-28,13.18,13.28,13.11,13.22
2012-12-29,13.13,13.29,13.1,13.2
2012-12-30,13.2,13.29,13.05,13.24
2012-12-31,13.24,13.24,12.77,13.22
2013-01-01,13.12,13.19,12.98,13.09
2013-01-02,13.09,13.26,12.96,13.19
2013-01-03,13.12,13.24,12.84,13.19
2013-01-04,13.19,13.19,13.03,13.15
2013-01-05,13.11,13.15,13.06,13.15
2013-01-06,13.1,13.2,13.04,13.2
2013-01-07,13.2,13.5,13.05,13.5
2013-01-08,13.51,13.65,13.18,13.58
2013-01-09,13.67,14.19,13.5,14
2013-01-10,14,14.1,13.85,14
2013-01-11,14.02,14.07,13.84,13.89
2013-01-12,13.94,14.03,13.54,13.64
2013-01-13,13.65,14.1,13.5,14.1
2013-01-14,14.1,14.32,13.88,14.2
2013-01-15,14.15,14.65,14.01,14.53
2013-01-16,14.53,15.47,14.45,15.36
2013-01-17,15.34,15.7,15.17,15.57
2013-01-18,15.52,15.65,15.32,15.38
2013-01-19,15.48,15.69,15.38,15.5
2013-01-20,15.62,16.98,15.45,16.52
2013-01-21,16.53,17.6,16.45,17.35
2013-01-22,17.5,17.6,16.86,17.5
2013-01-23,17.5,19.2,16,17.29
2013-01-24,17.15,17.72,16.12,17.49
2013-01-25,17.3,17.49,16.67,17.49
2013-01-26,17.49,17.6,17.08,17.6
2013-01-27,17.6,18.74,17.48,18.67
2013-01-28,18.6,19.85,18.53,19.35
2013-01-29,19.46,19.47,18.85,19.45
2013-01-30,19.45,21,19.27,20.46
2013-01-31,20.3,20.9,20.04,20.35
2013-02-01,20.35,20.53,19.5,19.82
2013-02-02,19.76,20.59,19.57,20.29
2013-02-03,20.55,20.7,19.9,20.3
2013-02-04,20.3,20.69,20.08,20.5
2013-02-05,20.56,20.99,20.33,20.91
2013-02-06,20.91,21.96,20.9,21.71
2013-02-07,21.95,22.63,21.81,22.4
2013-02-08,22.4,23.5,22.24,23.14
2013-02-09,23.46,23.8,22.85,23.7
2013-02-10,23.74,23.94,23.16,23.94
2013-02-11,23.94,25.85,23.87,25.47
2013-02-12,25.33,25.97,25,25
2013-02-13,25,27.5,22.42,27.4
2013-02-14,27.4,27.56,26.72,27
2013-02-15,27.43,27.58,26.71,27.5
2013-02-16,27.36,27.5,25.25,26.98
2013-02-17,26.81,27,26.29,26.92
2013-02-18,26.92,29.5,26.7,29.39
2013-02-19,29.39,30.07,29.21,30
2013-02-20,30,30.14,29.6,30
2013-02-21,29.96,31.49,29.9,30.4
2013-02-22,30.37,30.44,27.67,29.54
2013-02-23,29.55,30.37,29.08,29.78
2013-02-24,29.79,30.49,29.78,30.43
2013-02-25,30.43,32,29.85,31.1
2013-02-26,31.01,31.77,30.45,31.31
2013-02-27,31.31,34.42,31.31,33.53
2013-02-28,33.53,34.75,33.25,34.55
2013-03-01,34.55,34.77,33.6,34.16
2013-03-02,34.29,34.34,33.91,34.33
2013-03-03,34.33,37,34.24,36.52
2013-03-04,36.56,41,36.53,40.75
2013-03-05,40.66,49.17,40.66,42.32
2013-03-06,42.31,46,33,41.68
2013-03-07,41.68,44.37,40.56,43.76
2013-03-08,43.77,46,42,46
2013-03-09,45.76,47,45,45.29
2013-03-10,45.97,48.38,45.6,48.25
2013-03-11,48.15,48.25,36,44.84
2013-03-12,44.29,47.09,44.2,46.99
2013-03-13,46.99,47.97,46.8,46.95
2013-03-14,46.95,47.29,46.9,46.9
2013-03-15,46.93,47,46.58,46.74
2013-03-16,46.7,47.24,46.7,47.24
2013-03-17,47.24,51.1,46.98,50.35
2013-03-18,49.87,60,48,59.41
2013-03-19,59.46,67.99,58.86,64.2
2013-03-20,65.13,76.91,64.61,72.23
2013-03-21,70.87,74.47,65,69.9
2013-03-22,68.81,72,50.09,63.9
2013-03-23,64.37,71,63.36,70.22
2013-03-24,70.22,80,69.25,75.11
2013-03-25,74.3,86,74.3,79.81
2013-03-26,79.81,89.99,78.75,89.3
2013-03-27,89.4,97,80,88.52
2013-03-28,88.96,94,84,90
2013-03-29,90.49,95,89.31,92.11
2013-03-30,92.12,96.15,92.12,96.15
2013-03-31,95.5,106.5,93.7,104.7
2013-04-01,103.73,116,100.1,116
2013-04-02,116,158.41,110,133.78
2013-04-03,133.87,150,119,135
2013-04-04,134.67,144,127.09,141.8
2013-04-05,141.8,150.03,138.5,141
2013-04-06,141,165.1,140.65,164.97
2013-04-07,164.97,198,162,185.6
2013-04-08,185.6,235.29,164.34,229
2013-04-09,228.94,259.34,70,162
2013-04-10,162,179,50,83.4
2013-04-11,81.02,112,45,109.9
2013-04-12,109.9,119,85,91.64
2013-04-13,90.44,99.99,81.94,91.11
2013-04-14,91.79,99.8,60,74
2013-04-15,73.99,82,49.8,68.09
2013-04-16,67.85,101.12,60,89.98
2013-04-17,89.98,111.23,78.92,109.3
2013-04-18,109.3,140.2,100,117.71
2013-04-19,118.11,129.79,114.27,126.55
2013-04-20,126.55,129,101,118.81
2013-04-21,118.91,125.01,116,123.74
2013-04-22,123.73,138.87,121.12,137.29
2013-04-23,137.3,161,134.98,149
2013-04-24,150,170.28,123.2,141.9
2013-04-25,141.9,142.53,126.68,137.3
2013-04-26,137.3,148.61,125.76,128.8
2013-04-27,128.8,148.18,121.57,135.28
2013-04-28,135.31,151.65,123.96,143.31
2013-04-29,143.32,144.99,133.89,139.88
2013-04-30,139.87,140.3,104.9,116.75
2013-05-01,116.75,127.24,93.01,106.81
2013-05-02,107.02,108,81.5,98.08
2013-05-03,98.08,115.64,94,112.62
2013-05-04,112.89,118.76,106.5,116.57
2013-05-05,116.9,123.97,105,112.71
2013-05-06,112.67,112.95,98.77,110
2013-05-07,110.92,116.29,109.41,113.16
2013-05-08,113.16,113.95,109,111.96
2013-05-09,111.96,119.98,109.2,117.9
2013-05-10,117.9,118.5,112.95,115.04
2013-05-11,115.58,117.86,113,114.5
2013-05-12,115.05,117.48,113.55,115.99
2013-05-13,115.98,117.9,103.5,107
2013-05-14,107,113,101.72,108.95
2013-05-15,108.96,113.35,108.35,113.35
2013-05-16,113.36,118.16,112.82,116.73
2013-05-17,117.51,118.55,115.99,118.49
2013-05-18,118.49,118.98,114.1,116.38
2013-05-19,117.27,118.94,114.03,116.55
2013-05-20,117.81,118.56,116.9,117.5
2013-05-21,117.25,119.48,117,119.11
2013-05-22,118.45,123.9,118.36,123.84
2013-05-23,123.84,129.94,122.52,128.7
2013-05-24,128.65,129.73,126.03,128.97
2013-05-25,128.98,130.29,127.97,129.5
2013-05-26,130.27,130.6,120.33,126.25
2013-05-27,126.2,127.11,123,125.92
2013-05-28,125.99,130.4,125.53,130.35
2013-05-29,130.01,131,124.9,126.81
2013-05-30,126.78,129.87,125.06,127.91
2013-05-31,127.76,128.86,127.09,128.77
2013-06-01,128.77,128.8,117.02,123
2013-06-02,123.35,125.01,117,123.22
2013-06-03,123.22,123.66,116.32,120.57
2013-06-04,120.58,122.74,119.65,121.2
2013-06-05,120.98,121.33,118.43,118.78
2013-06-06,118.78,119.16,107,110.18
2013-06-07,110.17,112.46,108.44,109.11
2013-06-08,109.11,110,90,100.17
2013-06-09,100.17,107.9,93.1,104.22
2013-06-10,104.21,108,102.97,107.36
2013-06-11,107.35,111.18,105.01,106.56
2013-06-12,106.1,108.43,95,102
2013-06-13,101.86,102.95,95,99.01
2013-06-14,99.01,105,96.22,99.42
2013-06-15,99.43,101.11,98,99.37
2013-06-16,98.74,101.47,98.29,100
2013-06-17,100.39,108.18,99.99,104.5
2013-06-18,104.49,107.5,102,105.24
2013-06-19,105.24,108,102.47,102.61
2013-06-20,103,104.86,90,101.8
2013-06-21,101.29,103,98.55,100
2013-06-22,100,101.45,98.5,100.41
2013-06-23,100.4,102.3,95,99.47
2013-06-24,98.83,101,97.47,97.87
2013-06-25,97.57,99.98,96.13,98.77
2013-06-26,98.75,98.76,96,96.31
2013-06-27,96.98,97.45,88.01,89.96
2013-06-28,89.2,91.61,86.2,88.98
2013-06-29,88.83,90.3,88.01,89.53
2013-06-30,89.41,90.16,80.94,84.5
2013-07-01,83.41,88.5,81.9,88
2013-07-02,88.04,89.56,75.11,77.01
2013-07-03,77.33,83.9,70.06,79.4
2013-07-04,79.4,79.4,63.26,66.93
2013-07-05,67.13,72.88,63,66.34
2013-07-06,66.34,73.96,64.5,73.96
2013-07-07,73.97,76.94,70.1,74.4
2013-07-08,74,76.01,70.25,75.01
2013-07-09,75,86.64,74.81,86.19
2013-07-10,86.13,89.96,83.85,87.13
2013-07-11,87.81,100,86.6,90.17
2013-07-12,90.19,92.04,87.15,91.67
2013-07-13,91.67,93,88.87,90.03
2013-07-14,90.02,95,88.11,93.78
2013-07-15,93.76,93.9,89.09,91.55
2013-07-16,91.61,92.37,89,90.97
2013-07-17,90.96,91,77,85.28
2013-07-18,85,88,83.21,86.51
2013-07-19,86.51,87.07,84.27,85.04
2013-07-20,85.02,86.99,84.25,85.93
2013-07-21,85.73,87.08,83,85.6
2013-07-22,85.59,88.88,82,86.98
2013-07-23,86.88,88.48,85.73,88.42
2013-07-24,88.42,90.66,87.08,90.16
2013-07-25,90.1,91.77,88.56,89.95
2013-07-26,89.97,90.16,87.8,88.16
2013-07-27,88.16,94.01,87.9,92.71
2013-07-28,92.72,93.5,90.54,93.39
2013-07-29,93.45,97,92.7,96.57
2013-07-30,96.98,101,95,98.28
2013-07-31,97.77,98.44,95.15,96.62
2013-08-01,96.63,98.71,93.03,95.85
2013-08-02,95.82,97,93.98,95.55
2013-08-03,95.54,96.61,95.5,96.38
2013-08-04,96.38,98.92,96,97.81
2013-08-05,97.88,98.98,97.07,97.69
2013-08-06,97.7,98.32,95.5,97.09
2013-08-07,97.09,97.14,91.11,94.27
2013-08-08,94.26,95.75,90,92.27
2013-08-09,92.72,94.25,92.14,93.51
2013-08-10,93.51,94.58,93.12,94.09
2013-08-11,94,96.18,93.31,95.35
2013-08-12,95.37,98.19,94.24,98.15
2013-08-13,97.75,101,97.03,99.19
2013-08-14,99.19,100.01,96.68,98.08
2013-08-15,98.09,99,96.5,98.25
2013-08-16,98.26,99.82,97.48,99.71
2013-08-17,99.71,99.99,98.41,99.3
2013-08-18,99.32,105.16,99,102.85
2013-08-19,102.85,104.88,100.38,104.87
2013-08-20,104.87,114,104.56,110.43
2013-08-21,111.52,113.02,107.98,109.12
2013-08-22,109.12,109.9,104.2,107.65
2013-08-23,107.91,110.33,106.64,109.15
2013-08-24,109.15,113.28,109.15,113.12
2013-08-25,113.12,113.3,110.27,111.9
2013-08-26,111.85,118.93,111.76,117.75
2013-08-27,117.74,119.63,117.04,117.91
2013-08-28,117.91,120,117,118.5
2013-08-29,118.91,126.14,118.04,124.86
2013-08-30,124.86,134.95,124.8,128
2013-08-31,127.9,132.09,126.79,130.66
2013-09-01,130.65,132,128.52,130.15
2013-09-02,129.4,131,127,129.18
2013-09-03,129.2,129.94,115.21,122.81
2013-09-04,121.65,127.5,116.07,122.5
2013-09-05,122,124.54,115.21,117.67
2013-09-06,116.56,122.16,115.5,119.93
2013-09-07,119.91,120.94,116,118.34
2013-09-08,118.37,124.13,115,121.68
2013-09-09,121.68,124.26,120.8,122.07
2013-09-10,122.08,127.72,118,127.55
2013-09-11,127.54,128.5,123.1,126.38
2013-09-12,126.38,128.79,125.05,127.71
2013-09-13,127.71,128,123.05,124.49
2013-09-14,124.49,126.25,123,125.36
2013-09-15,125.36,126.71,124.03,126.27
2013-09-16,126.28,127.69,125.47,126.92
2013-09-17,126.92,128,124.2,127
2013-09-18,127,127.95,123.02,124.18
2013-09-19,124.17,126.02,121.16,122.91
2013-09-20,122.92,124.1,121.7,123.39
2013-09-21,123.38,123.5,122.35,123.27
2013-09-22,123.27,123.99,121.54,122.63
2013-09-23,122.81,124.01,121.77,123.86
2013-09-24,123.75,125,123.23,123.25
2013-09-25,123.32,124.9,123,124.84
2013-09-26,124.85,126.96,124.35,126.95
2013-09-27,126.95,127,124.01,126.54
2013-09-28,126.5,128.8,126.08,127.01
2013-09-29,127,127.53,122.77,126.25
2013-09-30,126.25,127.93,125.54,127.33
2013-10-01,127.31,127.8,85,103.85
2013-10-02,103.85,118.79,102,117.63
2013-10-03,117.62,122.98,116.48,121.94
2013-10-04,121.94,122.29,121.11,121.2
2013-10-05,121.25,122.49,121.13,122.49
2013-10-06,122.49,124.49,120.11,123.5
2013-10-07,123.5,125.17,122.17,124.13
2013-10-08,124.5,127.99,122.3,125.9
2013-10-09,125.79,126.8,124.9,126.8
2013-10-10,126.8,127.42,125.93,127.38
2013-10-11,127.38,128,126.01,127.98
2013-10-12,127.58,133,127.57,132.82
2013-10-13,132.83,138.22,132,135.42
2013-10-14,135.43,147.39,134.09,142.76
2013-10-15,142.75,147,137.38,137.56
2013-10-16,137.54,145,135,143.94
2013-10-17,143.94,154.69,143.23,152.89
2013-10-18,152.89,172,152.44,166
2013-10-19,166,166.6,162.54,166.59
2013-10-20,166.6,181.93,166.05,180.13
2013-10-21,180.15,196.27,179,189.75
2013-10-22,189.74,203.96,185,203.96
2013-10-23,203.94,206.6,156.2,193.87
2013-10-24,194,194,167.67,186.6
2013-10-25,187.5,190,177,179.56
2013-10-26,180.39,195,179.5,194
2013-10-27,194.99,197.5,190.8,196.62
2013-10-28,196.62,205,195.32,204.69
2013-10-29,204,206,195,197.54
2013-10-30,197.58,203.75,195.1,203.54
2013-10-31,203.54,203.54,200.23,202.15
2013-11-01,202.14,205.15,201.2,204.86
2013-11-02,204.86,210,203.51,210
2013-11-03,210,230.4,207.22,226.83
2013-11-04,227.29,250.79,226,242.9
2013-11-05,242.9,265,241.11,263.24
2013-11-06,263.24,297.8,263.24,291
2013-11-07,291,334.45,288.81,334
2013-11-08,333.9,363.65,298.95,341.24
2013-11-09,341.24,341.24,265.01,323
2013-11-10,323,349.9,310.1,343.91
2013-11-11,343.63,357,340.01,354.96
2013-11-12,354.94,399.89,354.94,393.5
2013-11-13,393.5,421.97,381,416.95
2013-11-14,416.88,431.36,390,412
2013-11-15,412.07,447.47,406.92,434.53
2013-11-16,434.53,480,434.53,477.38
2013-11-17,478.1,669.55,471.23,669.01
2013-11-18,669,755,378,536.01
2013-11-19,536.01,619,440,599
2013-11-20,600,730,580.37,720
2013-11-21,720,799.8,683.2,799.8
2013-11-22,794,874.81,785,829.5
2013-11-23,829.15,842.78,747,800.05
2013-11-24,800.01,838.2,770.1,816.93
2013-11-25,811.95,919,801,916.86
2013-11-26,915.01,969,879.99,963.86
2013-11-27,963.98,1050.18,931,1012.98
2013-11-28,1012,1141,988.22,1132
2013-11-29,1131.99,1163,1080,1119.8
2013-11-30,1119.52,1123.11,795.6,948
2013-12-01,955,1057,925.16,1040
2013-12-02,1037.11,1088,1000,1055
2013-12-03,1055,1153.27,1052.1,1131.76
2013-12-04,1135,1138.58,848.42,1035.67
2013-12-05,1020.51,1033.13,796.73,810.01
2013-12-06,809.72,844,542.38,693.3
2013-12-07,693.3,797,651,784.9
2013-12-08,787,899.99,766.66,899.91
2013-12-09,899.91,989.6,895.01,980
2013-12-10,979.07,988,804,879.04
2013-12-11,879.04,898.9,832.01,871.22
2013-12-12,871.22,920.42,850,885.15
2013-12-13,888.47,895,841.01,854.99
2013-12-14,850.78,869.98,803.51,862
2013-12-15,861.98,864,651.34,688.01
2013-12-16,690.5,750,612.51,675
2013-12-17,675,680.7,382.21,519.75
2013-12-18,520,700,492.91,684.01
2013-12-19,685.1,719.97,570,608.77
2013-12-20,610,648.88,550,596.92
2013-12-21,595.07,690,575.61,614.11
2013-12-22,612.66,665,607.77,654.76
2013-12-23,654.76,668.8,628.11,653
2013-12-24,653.57,681.24,636.99,680.99
2013-12-25,679.01,764.32,677.57,747.83
2013-12-26,747.83,762.1,702.26,723.98
2013-12-27,723.98,736.01,682.22,715
2013-12-28,715,732,703.45,728
2013-12-29,728.01,740,722.81,736.5
2013-12-30,736.51,739,709,732
2013-12-31,732,757.99,729.01,754.22
2014-01-01,751.88,798.7,742.5,785.81
2014-01-02,784.19,818.99,767.62,809.4
2014-01-03,808.24,830,790.2,828.79
2014-01-04,828.79,948,826.07,903.43
2014-01-05,905,995,876,919.2
2014-01-06,915.8,943,788.47,788.47
2014-01-07,785,849.79,765,823.45
2014-01-08,823.94,848,779.78,826.54
2014-01-09,825.5,861.4,799.41,852.61
2014-01-10,851.63,909.96,849.51,895
2014-01-11,895,905,826.46,844.05
2014-01-12,844.04,844.05,783.11,823
2014-01-13,823.99,837,800,815.99
2014-01-14,815.99,850.26,805.18,841.14
2014-01-15,841.14,849,810.01,814.4
2014-01-16,814.4,821,765,794.48
2014-01-17,796.97,817.12,796,811.83
2014-01-18,810,841.62,791.01,841.13
2014-01-19,841.5,845,815,826.01
2014-01-20,826.02,834.5,814,824.89
2014-01-21,824.88,824.99,801,819.2
2014-01-22,819.2,823.28,801.1,809.69
2014-01-23,810.95,811.74,767.02,779.19
2014-01-24,780,817,773.4,806.8
2014-01-25,806.81,834,795.01,814.92
2014-01-26,814.67,823,725,749.34
2014-01-27,750.95,812.93,740.01,785.51
2014-01-28,785.51,804.95,781.99,794.18
2014-01-29,794.21,812.44,770.7,799.99
2014-01-30,799.99,809.98,791,803
2014-01-31,803,827.38,802.59,813.03
2014-02-01,813.23,825.21,810.23,815
2014-02-02,814.94,815,800.5,808.5
2014-02-03,806.99,812.98,796.83,802.99
2014-02-04,802,810,775,781.8
2014-02-05,780.01,803,752,763.06
2014-02-06,764,766.45,619,705
2014-02-07,705.01,723,662.01,674
2014-02-08,680.49,755.42,666.21,687.37
2014-02-09,688,713,530,687.81
2014-02-10,688.34,720,631,675.1
2014-02-11,677,685.19,631.58,652.72
2014-02-12,650.04,660,601.54,605.46
2014-02-13,609.4,712.9,538.01,669
2014-02-14,670.34,673.17,628.88,653.8
2014-02-15,655.83,670,590.01,619.01
2014-02-16,621,664.99,610,633.66
2014-02-17,633.66,650,609.99,627.7
2014-02-18,627.7,636,617,624.85
2014-02-19,623.01,631,560.9,561.86
2014-02-20,561.86,589,530.01,584.22
2014-02-21,581.35,619.88,562.15,612.5
2014-02-22,610.77,646,599.78,611.99
2014-02-23,609.9,629,514.02,535
2014-02-24,535.49,545.8,400,535.48
2014-02-25,534.34,610,530,585.23
2014-02-26,585.24,599.99,571.22,583
2014-02-27,584.7,591.39,541,550.1
2014-02-28,551.8,576,535,567.47
2014-03-01,567.46,570.99,553,561.36
2014-03-02,565.38,710,562.02,677.69
2014-03-03,677.69,702.24,633.64,673.28
2014-03-04,673.27,679.97,651.9,669.99
2014-03-05,669,675.71,650,669.57
2014-03-06,669.57,670,613.45,632.79
2014-03-07,632.79,638.4,604.5,620.11
2014-03-08,620.02,653,613.03,640
2014-03-09,638.4,646.59,609,629.4
2014-03-10,628.02,644.44,614.17,632.1
2014-03-11,631.72,656.95,628.8,634.95
2014-03-12,634.95,650,632,641.01
2014-03-13,641.02,645,625.29,630.42
2014-03-14,630.99,639.88,625.32,637.24
2014-03-15,637.58,639.39,629.02,633.04
2014-03-16,634.99,634.99,619.46,622.31
2014-03-17,622.97,624.17,591.13,612
2014-03-18,613.84,623.95,605.11,611.2
2014-03-19,610.01,611.3,578.66,585.6
2014-03-20,585.6,607.88,556,570
2014-03-21,569.99,571.99,541,565.31
2014-03-22,564.31,569.48,556.74,562.28
2014-03-23,558.22,592.6,547,584.98
2014-03-24,585.9,587.48,568.86,583.77
2014-03-25,583.77,592,565,581.36
2014-03-26,581.48,581.59,466.1,474
2014-03-27,475,532,468.3,501.17
2014-03-28,502.01,508,486.97,492
2014-03-29,491.99,492,436,460
2014-03-30,460,486.7,438,454.83
2014-03-31,454.81,509.98,452.04,478.98
2014-04-01,478.98,494.98,430,439
2014-04-02,438.9,465,416.11,451.03
2014-04-03,451.03,459.5,430.77,452.2
2014-04-04,450,464.8,441.25,464.8
2014-04-05,464.8,465,450.2,456.27
2014-04-06,459.97,464.19,446,447.11
2014-04-07,447.11,459.8,446.24,453.57
2014-04-08,453.57,457.3,438.08,441.69
2014-04-09,441.69,442.46,357.57,363.12
2014-04-10,363.1,432.22,339.79,423
2014-04-11,423,439.5,413.72,423.42
2014-04-12,424.91,427.75,397.16,416.3
2014-04-13,416.29,475,408,458.5
2014-04-14,459.99,528.75,453.16,521
2014-04-15,523.1,548,494.02,529.77
2014-04-16,529.26,533.8,481.63,500.09
2014-04-17,500.09,506.97,470,483.11
2014-04-18,482.1,507.43,472.81,503.8
2014-04-19,505.18,516.53,493,500
2014-04-20,501.07,515,490,496.74
2014-04-21,497.98,504.9,485.2,490
2014-04-22,490,495.2,484.61,492
2014-04-23,491.94,505,480,502.2
2014-04-24,502.15,503.99,438.05,466.52
2014-04-25,466.71,470.96,451.07,459
2014-04-26,459.22,461.97,429.95,430
2014-04-27,430,452.16,424,442.9
2014-04-28,440.41,454.47,432.02,448
2014-04-29,448,453.99,433.08,448.85
2014-04-30,449,465.88,447.97,460.97
2014-05-01,460.97,462.99,444.51,454.5
2014-05-02,452,454.5,431,439.85
2014-05-03,439,442.83,429.55,438.04
2014-05-04,435.88,445,425,433
2014-05-05,431.64,434,420.27,428.01
2014-05-06,429,452,425.67,440
2014-05-07,441.47,450.08,437.61,437.69
2014-05-08,439.6,457.08,437.71,452.37
2014-05-09,452.78,459.24,449.79,455.39
2014-05-10,457.7,458.2,429.6,440
2014-05-11,437.67,443.77,431.56,442.5
2014-05-12,442.48,442.75,430.61,439.12
2014-05-13,439.12,449.96,438.36,446
2014-05-14,444.07,452.67,444.02,446
2014-05-15,446.27,452.41,444.5,447.31
2014-05-16,447.55,451.48,445.01,449.06
2014-05-17,449.07,451.43,444.52,446.91
2014-05-18,446.91,450,441.44,448.34
2014-05-19,448.34,500,447.14,489
2014-05-20,489,499.1,487.11,493.98
2014-05-21,493.98,530,492.65,529.99
2014-05-22,529.99,547.1,518.55,523.77
2014-05-23,523.75,529.06,515.4,528.44
2014-05-24,528.44,586.34,527.09,573.9
2014-05-25,573.5,593.48,565.58,581.88
2014-05-26,581.87,595,550.22,572.7
2014-05-27,572.7,582.26,563.45,580.66
2014-05-28,580.66,582.1,560.05,572.37
2014-05-29,572.37,629.4,568.56,621
2014-05-30,621,628.5,611,627.8
2014-05-31,627.8,683.26,618.53,630.99
2014-06-01,630.99,678,613.03,661.22
2014-06-02,662,680.99,649.61,670.14
2014-06-03,668.9,673.61,621.86,640.6
2014-06-04,640.59,669.63,639.69,661.48
2014-06-05,661.46,662.13,647.16,647.16
2014-06-06,647.16,657.13,635.88,657.13
2014-06-07,657.13,661.11,651.7,658
2014-06-08,658,659,639.93,648.83
2014-06-09,648.83,657.41,642.45,648.55
2014-06-10,648.55,652.39,615,620.5
2014-06-11,623.81,630.36,550,569.1
2014-06-12,569.98,611.99,563,592
2014-06-13,592,593.53,538.38,566.58
2014-06-14,566.58,593,552.11,588.55
2014-06-15,592,610,582.01,586.91
2014-06-16,587,610.2,580,606.48
2014-06-17,606.48,616,599.9,607
2014-06-18,607.99,609.98,590,593.4
2014-06-19,593.41,598.68,580.51,588.02
2014-06-20,590,594.99,580,591.29
2014-06-21,591.33,605.05,587.82,600.34
2014-06-22,600.34,601,580.46,588.22
2014-06-23,588.22,588.25,572.1,572.62
2014-06-24,574,579.7,554.45,560.4
2014-06-25,560.4,580.11,557.2,579.99
2014-06-26,580.09,600,574,599.99
2014-06-27,599.99,604.21,589.56,589.56
2014-06-28,591.46,601.79,589.56,599.89
2014-06-29,599.86,647.09,595.51,641.11
2014-06-30,640,658.88,638,638.25
2014-07-01,638.25,658.75,638,650.5
2014-07-02,649.74,652.79,638.79,645.99
2014-07-03,648.48,650.48,616.3,629
2014-07-04,628.81,632.97,623.23,630
2014-07-05,630.9,639,622.86,630.57
2014-07-06,633.87,636,612.9,622.09
2014-07-07,622.09,626.22,616.89,623.98
2014-07-08,623.98,626.88,619.17,620.01
2014-07-09,621.96,623.93,607.9,612.44
2014-07-10,616.87,635,613.46,635
2014-07-11,634.99,642.57,628.7,638.07
2014-07-12,637.9,638.73,626.09,630.88
2014-07-13,630.88,632,616.84,621.17
2014-07-14,621.15,624,616.09,619.55
2014-07-15,622.9,625,610.01,616.86
2014-07-16,617.39,629,610,622.2
2014-07-17,626.3,632.96,618.46,632.6
2014-07-18,632.59,632.6,625,628.63
2014-07-19,630,630,620,627
2014-07-20,626.98,628,615,622.73
2014-07-21,622.63,624.99,618.26,618.32
2014-07-22,619.99,623,615.51,621
2014-07-23,620.95,621.99,591.12,601.66
2014-07-24,603.96,609.65,592.97,602.93
2014-07-25,602.93,603,590,596.23
2014-07-26,596.23,602.83,589,590.3
2014-07-27,592.61,596,570.5,586.53
2014-07-28,589.88,591.95,578,585.95
2014-07-29,585.93,586,557.12,563.84
2014-07-30,563.83,590,555.9,582.04
2014-07-31,583.54,607.2,581.77,598.2
2014-08-01,597.84,599.09,584.95,589.59
2014-08-02,589.6,591,578.21,588.73
2014-08-03,587.53,595.7,581.8,588.5
2014-08-04,588.5,589,578.25,581.76
2014-08-05,581.75,586.36,576.44,581.16
2014-08-06,581.16,591.9,579,585.84
2014-08-07,585.84,595,584,588.02
2014-08-08,588.99,591.35,585.21,587.97
2014-08-09,589.82,597,586,590.96
2014-08-10,590.98,590.99,571,573.98
2014-08-11,574.55,574.59,561.9,566.69
2014-08-12,569.39,572,524.55,548.81
2014-08-13,549.85,551.86,497,507.99
2014-08-14,507.99,521.79,481.55,500.25
2014-08-15,502.48,529.8,485,521.97
2014-08-16,523.47,524.8,485.39,496.86
2014-08-17,498,510,442,475.22
2014-08-18,474.74,493,453.01,485.57
2014-08-19,491.98,527.01,466,516.39
2014-08-20,516.39,534.14,510,519.28
2014-08-21,519.29,528,500.01,514.65
2014-08-22,514.65,514.69,487,497
2014-08-23,496.96,515.95,495.02,507.85
2014-08-24,507.84,508.46,496.79,503.82
2014-08-25,503.74,516,502.27,512.18
2014-08-26,514.4,523.09,510,511.87
2014-08-27,511.87,514.98,505.93,506
2014-08-28,506.94,514.98,501.25,509.3
2014-08-29,509.3,509.42,498.13,500.85
2014-08-30,501.49,504.75,473.33,479.04
2014-08-31,479.01,490,472.01,474.54
2014-09-01,475.89,484.61,470.42,474.5
2014-09-02,474.5,477.99,471,474.89
2014-09-03,474.86,497,471.04,487.43
2014-09-04,489.61,489.96,473.03,477.65
2014-09-05,477.65,485,477.16,479.78
2014-09-06,479.99,483,474.95,475.43
2014-09-07,477.4,478.39,456.3,468.33
2014-09-08,468.32,476.4,459.18,473.2
2014-09-09,473.34,492,473.32,476.57
2014-09-10,477.78,480,465,475.9
2014-09-11,477.43,478,462,474.62
2014-09-12,473.08,480.13,467.43,477.98
2014-09-13,477.99,481.58,473.59,475.49
2014-09-14,475.47,479.62,467.76,469.47
2014-09-15,469.47,473.69,462,462.02
2014-09-16,463.48,465.57,443.57,452.09
2014-09-17,452.99,452.99,407.94,425
2014-09-18,426.62,429,378.78,395.86
2014-09-19,395.86,431.11,390,408.76
2014-09-20,410.92,413.53,390,399.55
2014-09-21,400.77,409.38,396.26,400.07
2014-09-22,399.77,452.67,393.6,438.97
2014-09-23,440.85,441.78,418.83,423.68
2014-09-24,423.57,423.9,400,408.76
2014-09-25,410,414.35,396.53,403.57
2014-09-26,405.08,408.99,396.57,401.77
2014-09-27,399.16,403.99,368.9,375.35
2014-09-28,375.35,386.03,365.2,374.2
2014-09-29,374.17,397.75,371.8,391.09
2014-09-30,389.56,393.79,377.01,384.86
2014-10-01,384.85,385.82,372,374.68
2014-10-02,376.29,378.11,353.75,358.74
2014-10-03,358.71,365.07,322.04,326.21
2014-10-04,326.24,339.43,275,323.52
2014-10-05,322.82,347,295.89,328.59
2014-10-06,328.56,336.99,312.37,334.8
2014-10-07,334.8,359,326.93,355.73
2014-10-08,355.73,395.55,349,364.01
2014-10-09,364.01,380.08,351.1,360.89
2014-10-10,360.85,368.06,352.1,362
2014-10-11,362.77,383.6,354.71,378.11
2014-10-12,378.48,405,368.07,392.6
2014-10-13,392.99,417.99,390.48,403.38
2014-10-14,402.01,404.32,385.92,394.52
2014-10-15,394.52,399,370.1,383.95
2014-10-16,384.19,386,370.96,383.65
2014-10-17,383.2,397.29,377,390.58
2014-10-18,390.59,394.25,385,387.53
2014-10-19,389.06,390.65,376.2,381.21
2014-10-20,381,393.52,378.98,385.81
2014-10-21,385.79,388.87,380,382.04
2014-10-22,382.05,384.55,352.4,357.18
2014-10-23,356.81,363.71,344.34,358.86
2014-10-24,358.78,359.1,341.22,348.69
2014-10-25,348.69,363,344.5,355.18
2014-10-26,355.19,358.65,349.21,350
2014-10-27,351.03,357.7,350.09,355.2
2014-10-28,355.71,355.99,333.33,335.7
2014-10-29,336.37,352.83,332.99,346.14
2014-10-30,346.14,347.96,335.5,337.99
2014-10-31,337.99,339.47,316.61,324.7
2014-11-01,324.55,329,318.24,324.36
2014-11-02,324.23,333.99,322.74,325.5
2014-11-03,326.45,332.9,320,330.22
2014-11-04,329.96,344.17,328.8,338.38
2014-11-05,338.37,353.1,336.27,349.99
2014-11-06,349.99,352.15,340.4,342.16
2014-11-07,342.16,347.75,340.6,345.39
2014-11-08,346.19,366.35,343.4,364.77
2014-11-09,365.37,377.77,357.3,366.43
2014-11-10,366.43,371.52,360.28,370.65
2014-11-11,370.09,434.8,369.85,426.02
2014-11-12,426.63,453.92,381.55,420.93
2014-11-13,417.85,420.3,382.95,399.98
2014-11-14,399.97,407.22,369,376.99
2014-11-15,376.97,395,375,389.86
2014-11-16,389.86,415,375,387.69
2014-11-17,388.72,394.64,371,374.88
2014-11-18,374.87,386.39,371.7,379.03
2014-11-19,379.04,381.8,351.8,356.47
2014-11-20,356.47,358.49,342.05,351.2
2014-11-21,351.19,365.93,350.7,353.12
2014-11-22,354.29,373.5,353.01,367.17
2014-11-23,367.17,389.99,366.67,375.99
2014-11-24,375.99,395.11,374.31,377.37
2014-11-25,377.05,379.22,363.38,368.5
2014-11-26,368.5,375.33,366.37,369.98
2014-11-27,369.98,381.34,358,376.86
2014-11-28,376,386.6,372.25,375.49
2014-11-29,375.48,381.99,373.32,377.01
2014-11-30,376.09,382.31,373.03,376.53
2014-12-01,376.53,382.86,375.23,379.52
2014-12-02,379.52,383,374.01,375.33
2014-12-03,376.61,378.99,360,369.16
2014-12-04,369.89,377.89,365.61,376
2014-12-05,376,376.99,371.31,374.38
2014-12-06,375.05,377.5,373.16,377.26
2014-12-07,376.03,377.26,359.01,361.3
2014-12-08,362.74,364.59,343.97,352.03
2014-12-09,352.02,353.74,345,345.21
2014-12-10,345.22,364.43,339.8,348.9
2014-12-11,348.88,358.59,348,352.24
2014-12-12,353.33,354.41,347.03,351.67
2014-12-13,351.67,359.3,347.44,356.52
2014-12-14,357.3,357.3,346.21,349
2014-12-15,348.85,349.35,327.34,329.05
2014-12-16,329.05,335.99,315.23,322
2014-12-17,321.96,325.61,304.99,312.67
2014-12-18,312.65,320,307.11,318.33
2014-12-19,318.58,333,316.52,331.79
2014-12-20,331.77,332.31,318.78,320.01
2014-12-21,320.88,333.99,319.9,331.56
2014-12-22,332.52,338.99,327.49,336.92
2014-12-23,336.9,336.9,320.92,323.06
2014-12-24,323.03,323.72,316.63,319.86
2014-12-25,319.85,332,316.64,328.27
2014-12-26,329.31,329.31,311.63,316.47
2014-12-27,316.48,319.56,311.22,317.64
2014-12-28,317.64,320.14,310.26,313.01
2014-12-29,313.36,316.77,310,311.07
2014-12-30,311.1,321,310.69,321
2014-12-31,321,321,312.6,313.81
2015-01-01,313.82,317.01,311.96,315.42
2015-01-02,315.42,316.58,280,282
2015-01-03,280,289.39,255,264
2015-01-04,264.55,280,264.07,276.8
2015-01-08,272.45,305,272.45,293.97
2015-01-09,293.89,295,271.03,275.59
2015-01-10,275.6,280.94,262.08,266.39
2015-01-11,266.34,272.43,263.54,267.42
2015-01-12,267.1,268.15,216,227
2015-01-13,227.01,230.89,152.4,171.41
2015-01-14,172,233.9,168.5,210.98
2015-01-15,210.69,223.15,198.04,208.03
2015-01-16,208.02,212.84,192.17,199.69
2015-01-17,199.69,222,195.02,211.85
2015-01-18,211.8,220.94,207.7,216.34
2015-01-19,216.01,216.81,201.98,210.65
2015-01-20,211.94,228.9,205,227.16
2015-01-21,227.75,239,226.01,234.08
2015-01-22,234.08,240,225.55,233.64
2015-01-23,233.42,249.99,230.03,249.19
2015-01-24,249.33,257,241.33,255.31
2015-01-25,254.67,309.9,254.67,274.8
2015-01-26,274.76,278.51,243.1,263.98
2015-01-27,263.97,266.45,225.91,236.07
2015-01-28,236.07,242.18,220,235.79
2015-01-29,235.12,244.98,225.52,228.96
2015-01-30,228.98,234.8,215.75,216.9
2015-01-31,218.04,233,208.48,226.93
2015-02-01,226.93,241.98,221.79,238.47
2015-02-02,238.38,244.39,223.79,227.99
2015-02-03,227.94,231,220.02,227
2015-02-04,226.93,229,210.43,216.81
2015-02-05,216.46,225.86,210.59,223.37
2015-02-06,223.44,231.14,221.77,228.3
2015-02-07,228.78,232.89,217.28,223.88
2015-02-08,223.92,225.99,215,220.9
2015-02-09,220.91,222,215,220.42
2015-02-10,220.42,223.43,217.99,219.55
2015-02-11,219.57,223.09,218.01,223
2015-02-12,223.02,242.35,221.37,237
2015-02-13,237,259.31,236.9,256.99
2015-02-14,256.81,267.92,227.75,235.63
2015-02-15,235.61,241.23,229.2,234.7
2015-02-16,234.69,248.78,232.01,244.7
2015-02-17,244.6,247,232.01,237.37
2015-02-18,237.37,245.01,235.59,240.59
2015-02-19,240.61,249.32,239.41,245.48
2015-02-20,245,247.8,244,245.41
2015-02-21,245.84,247.42,232.48,236.5
2015-02-22,236.46,241,232.05,239.65
2015-02-23,239.63,240.97,236.07,239.55
2015-02-24,239.53,240.98,236,237.97
2015-02-25,237.99,238.55,234.01,236.84
2015-02-26,236.83,256.15,236.16,252.78
2015-02-27,252.29,254.56,245.2,253.47
2015-02-28,253.45,260.25,245,258.34
2015-03-01,257.95,277,255.61,274.93
2015-03-02,275.95,284.95,265.89,281
2015-03-03,281.03,283.88,264.94,270.78
2015-03-04,270.72,280.5,262.2,273.09
2015-03-05,273.46,276.46,269,272.68
2015-03-06,272.61,279.48,270,276.71
2015-03-07,276.71,277.57,271.12,275
2015-03-08,275,289,274.17,287.12
2015-03-09,287.12,296.8,283.96,290
2015-03-10,290,296.79,285.83,296.54
2015-03-11,296.29,297.95,289,295.31
2015-03-12,295.66,295.66,282.99,283.25
2015-03-13,283.25,287.69,280.46,282.01
2015-03-14,282.36,287.75,281.42,286.75
2015-03-15,286.79,294.26,285.78,289.27
2015-03-16,289.27,292.99,281.9,282.8
2015-03-17,282.8,284,249.02,256.45
2015-03-18,256.59,265.95,249,261.81
2015-03-19,261.97,265.27,257,261.96
2015-03-20,261.92,262.49,256.25,260
2015-03-21,260,272,259.24,267.74
2015-03-22,268.28,270.07,259.5,265.94
2015-03-23,265.98,266.52,241.84,245
2015-03-24,245.29,250,236.4,246.94
2015-03-25,246.99,253.75,244.91,249.23
2015-03-26,249.23,250.52,245.12,247.94
2015-03-27,247.93,253.83,247.25,252.87
2015-03-28,252.91,252.96,239.96,242
2015-03-29,242.41,248.86,236.52,247.95
2015-03-30,247.95,248.59,238.55,244.24
2015-03-31,243.93,246.83,239.32,246.69
2015-04-01,246.68,256.96,244.52,253.28
2015-04-02,253.22,256.67,251.23,254.19
2015-04-03,254.19,255.85,250.76,253.7
2015-04-04,253.6,261,251.65,260.54
2015-04-05,260.57,262.98,254,255.58
2015-04-06,255.54,256.62,251.5,253.72
2015-04-07,253.71,254.96,243.06,244.84
2015-04-08,244.58,246.3,238.47,243.43
2015-04-09,243.75,243.94,231,235.99
2015-04-10,235.99,239.42,233,236.15
2015-04-11,236.09,237.5,233.42,236.5
2015-04-12,236.42,236.9,219.64,223.15
2015-04-13,222.97,224.79,210,215.8
2015-04-14,215.78,222.88,214.05,222.88
2015-04-15,222.83,229.67,222.44,227.5
2015-04-16,227.36,228.29,220,222.6
2015-04-17,222.6,224.72,220.32,223.4
2015-04-18,223.35,227.35,221.91,222.54
2015-04-19,222.54,226.51,221.43,224.3
2015-04-20,224.3,236,223.91,235.74
2015-04-21,235.71,238.64,229.1,233.45
2015-04-22,233.25,236.22,232.01,235.98
2015-04-23,235.61,236,228,230.24
2015-04-24,231.04,232.29,225.7,226.12
2015-04-25,226.12,227.26,214.98,219.52
2015-04-26,219.52,229.93,217.52,227.23
2015-04-27,227.17,227.56,221.45,225.16
2015-04-28,225.18,226.99,221.81,225.48
2015-04-29,225.5,240,224.6,236.2
2015-04-30,236.47,239.23,230.51,231
2015-05-01,231.05,234.9,229.87,233.83
2015-05-02,233.83,242.25,232.31,239
2015-05-03,239.73,242.2,236.07,238.34
2015-05-04,238.22,238.78,229.66,235.12
2015-05-05,235.18,235.94,227.01,228.49
2015-05-06,228.34,240,227.35,236.87
2015-05-07,236.92,246.57,235.29,243.2
2015-05-08,243.22,247.01,238.62,241.96
2015-05-09,241.83,244.99,238.02,239.13
2015-05-10,239.13,244.51,237.99,241.3
2015-05-11,241.3,242,237.54,241.03
2015-05-12,241.03,244.14,235.06,235.97
2015-05-13,235.97,239.7,232.22,237.13
2015-05-14,237.12,239.28,235.12,237.37
2015-05-15,237.39,237.4,234,235.66
2015-05-16,235.43,237,234.15,235.97
2015-05-17,235.69,236.94,231.44,232.87
2015-05-18,233.03,234.24,230.86,231.4
2015-05-19,231.4,234.86,231,234.43
2015-05-20,234.4,236.52,233.75,235
2015-05-21,235,240.9,232.92,238.99
2015-05-22,238.8,240.67,237.4,237.76
2015-05-23,237.87,241.64,237.66,239.22
2015-05-24,239.69,240.1,233.1,235.59
2015-05-25,235.72,237.96,234,235.71
2015-05-26,235.71,237.35,234,235.17
2015-05-27,235.32,236.8,234.87,236.46
2015-05-28,236.46,236.52,234,236.03
2015-05-29,236.03,236.03,231,232.11
2015-05-30,232.11,232.51,228,228.91
2015-05-31,228.91,231.2,220.65,223.51
2015-06-01,223.5,226.38,221.34,225.18
2015-06-02,225.17,226.99,222.57,224.27
2015-06-03,224.8,225.98,222,222.99
2015-06-04,222.99,225.9,219.03,224.4
2015-06-05,224.4,225.26,223.07,224.99
2015-06-06,224.95,225.48,221.86,222.7
2015-06-07,222.65,229.4,222.31,228.17
2015-06-08,228.05,230.79,226.67,228.7
2015-06-09,228.7,229.75,226.83,227.88
2015-06-10,227.8,229.57,227.25,229.03
2015-06-11,229.14,230.7,228.29,229.4
2015-06-12,229.3,232.04,228.06,231.64
2015-06-13,231.64,234,230.94,232.09
2015-06-14,232.08,237.09,231.55,235.92
2015-06-15,236,252.05,234.35,250.09
2015-06-16,250.02,257.39,243.2,247.76
2015-06-17,247.76,251.58,240,248.4
2015-06-18,248.45,249.93,242.14,243.7
2015-06-19,243.75,245.56,239.93,244.76
2015-06-20,244.65,245,241.06,243.64
2015-06-21,243.6,247.99,242.64,246
2015-06-22,245.99,247.25,242.14,243.74
2015-06-23,243.85,243.99,238.2,240.19
2015-06-24,240.19,242.9,239.18,241.98
2015-06-25,242.08,243.44,240,242.98
2015-06-26,242.98,252,242.36,251.21
2015-06-27,251.28,251.28,247.04,248.62
2015-06-28,248.63,256.94,248.3,256.04
2015-06-29,256.04,268,255,262.5
2015-06-30,262.58,265.25,253.81,257.62
2015-07-01,257.62,260.77,253.19,254.54
2015-07-02,254.49,256.44,252.4,255.92
2015-07-03,256.06,261.28,254.05,260.2
2015-07-04,260.16,274.74,258.75,271.5
2015-07-05,271.39,278.54,267.13,268.51
2015-07-06,268.53,271.69,264.01,265.51
2015-07-07,265.67,273.24,263.01,270.63
2015-07-08,270.41,271.98,265.92,268.92
2015-07-09,268.98,294.71,268.63,285.23
2015-07-10,284.63,298.05,283.88,291.64
2015-07-11,291.65,317.99,291.65,310.55
2015-07-12,310.55,310.73,281,292.68
2015-07-13,292.54,297.13,286.02,287.55
2015-07-14,287.49,293.7,284.29,285.67
2015-07-15,285.67,292.4,274.92,277.89
2015-07-16,277.74,280.73,272.31,279.43
2015-07-17,279.15,283,276.73,276.79
2015-07-18,276.74,278.1,275.01,275.47
2015-07-19,275.08,279.35,274.62,278.96
2015-07-20,278.95,281.07,276.28,276.76
2015-07-21,276.49,277.97,275,277.68
2015-07-22,277.5,278.55,275.79,276.61
2015-07-23,276.61,290.53,275.9,289.01
2015-07-24,289,292,286.5,288.78
2015-07-25,288.97,294,287.41,293.19
2015-07-26,292.85,297.44,286.43,294.29
2015-07-27,294.03,297,292.19,294.01
2015-07-28,294.01,294.57,287.27,289.85
2015-07-29,289.85,290.08,284.53,288.01
2015-07-30,288.29,289,281.8,284.33
2015-07-31,284.69,285.16,276.66,280.19
2015-08-01,280.19,282.9,276.57,282.32
2015-08-02,282.53,285.8,279.52,280.43
2015-08-03,280.43,285.88,280.43,285
2015-08-04,284.91,285.86,280.63,281.13
2015-08-05,281.13,281.65,276.6,277.48
2015-08-06,277.48,280.43,274.19,279.63
2015-08-07,279.94,279.97,260.41,262.19
2015-08-08,262.19,268.95,261.01,265.05
2015-08-09,265.05,266.79,261.6,264.33
2015-08-10,264.11,271.5,264.07,271.15
2015-08-11,271.15,271.16,265.71,267.73
2015-08-12,267.53,267.88,262.32,264.48
2015-08-13,264.74,266.99,262,265.4
2015-08-14,265.57,266.5,260.45,261.46
2015-08-15,261.46,262.2,254.01,256.11
2015-08-16,256.11,259.12,254.63,256.47
2015-08-17,256.66,256.99,221.11,224.8
2015-08-18,224,237.66,222.01,226.92
2015-08-19,226.4,236.66,226.4,235.54
2015-08-20,235.15,236.66,231.77,233.49
2015-08-21,233.5,235.2,223.01,231
2015-08-22,231,234.03,225.85,228.89
2015-08-23,228.35,228.99,207.73,209.72
2015-08-24,209.76,228.04,198.12,222.38
2015-08-25,222.38,231.09,219.77,225.8
2015-08-26,225.8,228.89,223.17,225.09
2015-08-27,225.09,235.93,220.29,231.65
2015-08-28,231.76,233.9,226.67,230.54
2015-08-29,230.41,232.75,225.04,229
2015-08-30,229.04,232.49,224.39,229.86
2015-08-31,230.25,231.67,226.17,227.96
2015-09-01,227.97,230.77,226,229.18
2015-09-02,228.95,229.96,226.5,227.28
2015-09-03,227.24,231.4,226.33,230.52
2015-09-04,230.72,237.22,229.23,235.6
2015-09-05,235.39,244.2,235.02,240.28
2015-09-06,240.28,242.91,238.44,240.19
2015-09-07,240.07,246.24,239.98,244.21
2015-09-08,244.04,244.22,237.01,238.35
2015-09-09,238.35,241.65,234.78,238.66
2015-09-10,238.57,240.94,237.5,240
2015-09-11,239.92,240,233.02,234.79
2015-09-12,234.79,236.09,228,229.66
2015-09-13,229.66,232.92,223.99,229.71
2015-09-14,229.84,231.21,226.5,230.03
2015-09-15,229.99,230.5,223,228.34
2015-09-16,228.34,235,227,232.17
2015-09-17,232.2,234.4,230.83,233.12
2015-09-18,233.24,233.76,229.89,230
2015-09-19,230,231.7,229,230.16
2015-09-20,230.1,230.15,225,226.15
2015-09-21,226.15,231.96,223.12,230.42
2015-09-22,230.08,231.5,228,229.42
2015-09-23,229.42,235.52,228.89,233.86
2015-09-24,233.88,237.25,232.56,235.22
2015-09-25,235.14,235.67,233,233.81
2015-09-26,233.81,234.61,231.16,232.41
2015-09-27,232.4,239.68,231.69,239.14
2015-09-28,239.14,240.56,235.09,236.94
2015-09-29,236.78,238.27,234.67,236.2
2015-09-30,235.87,239.44,235.01,237.15
2015-10-01,238,239.06,235,237.77
2015-10-02,237.77,239.86,236.3,238.95
2015-10-03,239.06,239.98,237.62,238.6
2015-10-04,238.6,240.85,236.1,240.84
2015-10-05,240.85,248.19,239.52,246.57
2015-10-06,246.79,247.65,242.3,243.2
2015-10-07,243.47,244.76,242.06,242.9
2015-10-08,243.29,244.95,242.16,244.48
2015-10-09,244.49,246.43,243,245.71
2015-10-10,245.71,248.5,244.53,248.05
2015-10-11,248.05,248.47,245.01,245.81
2015-10-12,245.81,250.89,242.82,249.73
2015-10-13,249.97,255.93,248.06,252.47
2015-10-14,252.47,256.5,250.3,254.49
2015-10-15,254.49,267,253.69,263.09
2015-10-16,263.09,273,260.8,270.07
2015-10-17,270.04,271.17,260,261.05
2015-10-18,260.99,266.01,259.82,263.66
2015-10-19,264.28,272.95,262.67,270.64
2015-10-20,270.3,272.69,264,267.89
2015-10-21,267.9,280.04,267.39,275.21
2015-10-22,275.21,280.19,273.46,278.6
2015-10-23,278.6,284,278.22,282.84
2015-10-24,283.03,296,282.2,283.96
2015-10-25,283.96,286.99,279.25,286.9
2015-10-26,286.9,300,286.15,295.54
2015-10-27,295.8,308.48,294.4,305.65
2015-10-28,305.67,319.6,301.7,314.82
2015-10-29,314.95,334.05,313.5,328.65
2015-10-30,328.28,334.67,302.99,310.18
2015-10-31,310.9,329.85,303.01,325.78
2015-11-01,325.78,369.02,320,361.74
2015-11-02,361.26,420.77,360.4,404.06
2015-11-03,404.55,502,368.11,408
2015-11-04,407.99,448.79,364.37,385.5
2015-11-05,387.77,396.67,353.26,374.47
2015-11-06,374.41,392.82,371.07,383.53
2015-11-07,383.62,390.47,366.18,372.65
2015-11-08,372.86,386.79,360.54,377.9
2015-11-09,378.02,381.44,323.63,336.8
2015-11-10,335.02,341.41,294,309.91
2015-11-11,309.95,344.78,308.42,337.17
2015-11-12,337,342,325,336.99
2015-11-13,336.98,356.1,325.45,333
2015-11-14,332.95,334.99,314.6,319.28
2015-11-15,319.29,332.25,315,330.83
2015-11-16,330.82,350.44,329,336.08
2015-11-17,336,337.89,330.28,335.65
2015-11-18,335.68,336.48,324.92,326.02
2015-11-19,326.51,327.73,310,322.04
2015-11-20,322.04,328.94,318.52,326.5
2015-11-21,326.5,326.6,320.13,324.2
2015-11-22,324.2,326.09,320.39,323.48
2015-11-23,323.48,323.5,317,319.7
2015-11-24,319.7,330.84,316,328.9
2015-11-25,328.9,369.7,328.53,353.21
2015-11-26,353.9,364.8,347.84,357.14
2015-11-27,357.42,359.44,350.41,356.95
2015-11-28,356.78,373.15,354.45,371.48
2015-11-29,371.2,383,367.11,376.71
2015-11-30,376.7,379,354.56,363.06
2015-12-01,362.7,362.84,348.64,358.89
2015-12-02,359.11,370.53,356.21,361.42
2015-12-03,361.48,364.3,355.92,363.62
2015-12-04,363.62,389.89,363,388
2015-12-05,388,399.85,383,388.24
2015-12-06,388.54,399.91,381.01,395.58
2015-12-07,395.57,418.87,388.33,417.89
2015-12-08,416.67,424.95,400,416.98
2015-12-09,416.69,419.79,408.91,415.57
2015-12-10,415.57,454.48,415.13,453.04
2015-12-11,453.12,467.8,403,436.19
2015-12-12,436.08,442.97,422.03,433.07
2015-12-13,433.13,448.12,428.42,443.36
2015-12-14,443.3,464.99,442.94,464.53
2015-12-15,464.53,465,436.89,455.87
2015-12-16,455.61,458.84,448.75,456.17
2015-12-17,442.08,466.64,439.19,462.46
2015-12-18,463.7,465.9,452.03,461.8
2015-12-19,461.89,462,433.83,442.54
2015-12-20,442.47,450,425.52,438.07
2015-12-21,438.14,443.58,433.06,435.48
2015-12-22,435.65,445.52,434.43,442.56
2015-12-23,443.01,459.54,443.01,455
2015-12-24,455.78,458.33,448,455.51
2015-12-25,455.5,457.45,407.25,417.39
2015-12-26,417.11,425.42,410.5,421.76
2015-12-27,421.78,429.86,417.01,421.46
2015-12-28,420.81,433.33,418.55,431.82
2015-12-29,431.7,434.97,420.75,425.84
2015-12-30,426.09,433.89,419.99,430.89
2015-12-31,430.89,436,427.2,433.82